{"cameraMode":{"drawMode":0,"name":"Shaded","section":"Shading Mode"},"sceneLighting":true,"audioPlay":false,"sceneViewState":{"showFog":true,"showMaterialUpdate":false,"showSkybox":true,"showFlares":true,"showImageEffects":true,"showParticleSystems":true},"in2DMode":false,"pivot":{"x":-0.6758832931518555,"y":3.5344362258911135,"z":-1.7089614868164063},"rotation":{"x":-0.07453643530607224,"y":0.9057509303092957,"z":-0.1791861653327942,"w":-0.3767669200897217},"size":11.876937866210938,"orthographic":false}